{
    "name": "root",
    "gauges": {
        "MLCarHard.Policy.Entropy.mean": {
            "value": 0.7705659866333008,
            "min": 0.7319028377532959,
            "max": 1.4588582515716553,
            "count": 7
        },
        "MLCarHard.Policy.Entropy.sum": {
            "value": 76967.984375,
            "min": 73171.984375,
            "max": 146505.84375,
            "count": 7
        },
        "MLCarHard.Environment.EpisodeLength.mean": {
            "value": 179.4820143884892,
            "min": 179.4820143884892,
            "max": 438.0352422907489,
            "count": 7
        },
        "MLCarHard.Environment.EpisodeLength.sum": {
            "value": 99792.0,
            "min": 95457.0,
            "max": 101627.0,
            "count": 7
        },
        "MLCarHard.Step.mean": {
            "value": 699953.0,
            "min": 99954.0,
            "max": 699953.0,
            "count": 7
        },
        "MLCarHard.Step.sum": {
            "value": 699953.0,
            "min": 99954.0,
            "max": 699953.0,
            "count": 7
        },
        "MLCarHard.Policy.ExtrinsicValueEstimate.mean": {
            "value": 1.4882858991622925,
            "min": 0.5976623296737671,
            "max": 1.8594971895217896,
            "count": 7
        },
        "MLCarHard.Policy.ExtrinsicValueEstimate.sum": {
            "value": 2780.1181640625,
            "min": 1069.8155517578125,
            "max": 3294.476318359375,
            "count": 7
        },
        "MLCarHard.Policy.GailValueEstimate.mean": {
            "value": 26.449119567871094,
            "min": 26.449119567871094,
            "max": 37.17313003540039,
            "count": 7
        },
        "MLCarHard.Policy.GailValueEstimate.sum": {
            "value": 49406.95703125,
            "min": 49406.95703125,
            "max": 62896.9375,
            "count": 7
        },
        "MLCarHard.Environment.CumulativeReward.mean": {
            "value": 4.0530575552432655,
            "min": 2.8598503792969665,
            "max": 8.44273127753304,
            "count": 7
        },
        "MLCarHard.Environment.CumulativeReward.sum": {
            "value": 2253.5000007152557,
            "min": 1146.8000020980835,
            "max": 2609.0,
            "count": 7
        },
        "MLCarHard.Policy.ExtrinsicReward.mean": {
            "value": 4.0530575552432655,
            "min": 2.8598503792969665,
            "max": 8.44273127753304,
            "count": 7
        },
        "MLCarHard.Policy.ExtrinsicReward.sum": {
            "value": 2253.5000007152557,
            "min": 1146.8000020980835,
            "max": 2609.0,
            "count": 7
        },
        "MLCarHard.Policy.GailReward.mean": {
            "value": 75.45000959154245,
            "min": 75.45000959154245,
            "max": 219.8746652391612,
            "count": 7
        },
        "MLCarHard.Policy.GailReward.sum": {
            "value": 41950.2053328976,
            "min": 41950.2053328976,
            "max": 58143.66996010393,
            "count": 7
        },
        "MLCarHard.Losses.PolicyLoss.mean": {
            "value": 0.049543523134198034,
            "min": 0.04635508557203812,
            "max": 0.051404363542678765,
            "count": 7
        },
        "MLCarHard.Losses.PolicyLoss.sum": {
            "value": 0.49543523134198036,
            "min": 0.4171957701483431,
            "max": 0.5140436354267877,
            "count": 7
        },
        "MLCarHard.Losses.ValueLoss.mean": {
            "value": 56.2296806494395,
            "min": 54.330402894020075,
            "max": 73.24902578636453,
            "count": 7
        },
        "MLCarHard.Losses.ValueLoss.sum": {
            "value": 562.296806494395,
            "min": 543.3040289402007,
            "max": 659.2412320772808,
            "count": 7
        },
        "MLCarHard.Policy.LearningRate.mean": {
            "value": 0.000260834575055146,
            "min": 0.000260834575055146,
            "max": 0.00029690640103119994,
            "count": 7
        },
        "MLCarHard.Policy.LearningRate.sum": {
            "value": 0.00260834575055146,
            "min": 0.0025112578229140796,
            "max": 0.00291053120982294,
            "count": 7
        },
        "MLCarHard.Policy.Epsilon.mean": {
            "value": 0.186944854,
            "min": 0.186944854,
            "max": 0.19896879999999997,
            "count": 7
        },
        "MLCarHard.Policy.Epsilon.sum": {
            "value": 1.86944854,
            "min": 1.73708592,
            "max": 1.9701770600000004,
            "count": 7
        },
        "MLCarHard.Policy.Beta.mean": {
            "value": 0.0004360297846,
            "min": 0.0004360297846,
            "max": 0.0004949471199999999,
            "count": 7
        },
        "MLCarHard.Policy.Beta.sum": {
            "value": 0.004360297846,
            "min": 0.004191721008,
            "max": 0.004853867594,
            "count": 7
        },
        "MLCarHard.Policy.GAILPolicyEstimate.mean": {
            "value": 0.28565339303265014,
            "min": 0.28565339303265014,
            "max": 0.4080977890778471,
            "count": 7
        },
        "MLCarHard.Policy.GAILPolicyEstimate.sum": {
            "value": 2.8565339303265014,
            "min": 2.8565339303265014,
            "max": 3.672880101700624,
            "count": 7
        },
        "MLCarHard.Policy.GAILExpertEstimate.mean": {
            "value": 0.7172134720782439,
            "min": 0.6478861597953018,
            "max": 0.7172134720782439,
            "count": 7
        },
        "MLCarHard.Policy.GAILExpertEstimate.sum": {
            "value": 7.17213472078244,
            "min": 5.830975438157717,
            "max": 7.17213472078244,
            "count": 7
        },
        "MLCarHard.Losses.GAILLoss.mean": {
            "value": 0.7809834257761639,
            "min": 0.7809834257761639,
            "max": 1.028390853162165,
            "count": 7
        },
        "MLCarHard.Losses.GAILLoss.sum": {
            "value": 7.809834257761638,
            "min": 7.809834257761638,
            "max": 9.255517678459485,
            "count": 7
        },
        "MLCarHard.Policy.GAILGradMagLoss.mean": {
            "value": 0.032233335718046874,
            "min": 0.03043024608322109,
            "max": 0.612427065756034,
            "count": 7
        },
        "MLCarHard.Policy.GAILGradMagLoss.sum": {
            "value": 0.32233335718046874,
            "min": 0.3042839251458645,
            "max": 5.511843591804306,
            "count": 7
        },
        "MLCarHard.Losses.PretrainingLoss.mean": {
            "value": 0.19482644432120852,
            "min": 0.19482644432120852,
            "max": 0.3747197495689118,
            "count": 7
        },
        "MLCarHard.Losses.PretrainingLoss.sum": {
            "value": 1.9482644432120853,
            "min": 1.8815255534869653,
            "max": 3.372477746120206,
            "count": 7
        },
        "MLCarHard.IsTraining.mean": {
            "value": 1.0,
            "min": 1.0,
            "max": 1.0,
            "count": 7
        },
        "MLCarHard.IsTraining.sum": {
            "value": 1.0,
            "min": 1.0,
            "max": 1.0,
            "count": 7
        }
    },
    "metadata": {
        "timer_format_version": "0.1.0",
        "start_time_seconds": "1662507275",
        "python_version": "3.9.0 (tags/v3.9.0:9cf6752, Oct  5 2020, 15:34:40) [MSC v.1927 64 bit (AMD64)]",
        "command_line_arguments": "C:\\Git\\DiplomaTesting\\venv\\Scripts\\mlagents-learn .\\config\\MLCarHard.yaml --run-id=MLCarHard",
        "mlagents_version": "0.28.0",
        "mlagents_envs_version": "0.28.0",
        "communication_protocol_version": "1.5.0",
        "pytorch_version": "1.7.1+cu110",
        "numpy_version": "1.23.1",
        "end_time_seconds": "1662507909"
    },
    "total": 633.8383531999999,